step,unix_seconds,price_eur_mwh,solar_mw,wind_onshore_mw,load_mw,renewable_share_pct,co2eq_g_kwh
1,1790546400,150.75,0.00,17699.30,42060.30,61.80,404.10
2,1790547300,150.76,0.00,16997.00,41308.70,61.40,409.20
3,1790548200,150.58,0.00,16282.00,41074.40,60.10,413.90
4,1790549100,150.75,0.00,15603.00,40801.20,58.30,422.50
5,1790550000,152.64,0.00,15057.20,40292.40,57.30,431.00
6,1790550900,150.22,0.00,14411.00,40086.30,55.70,439.40
7,1790551800,151.75,0.00,14000.20,40045.30,54.80,443.60
8,1790552700,151.03,0.00,13561.90,39982.20,53.80,449.10
9,1790553600,150.96,0.00,13236.20,39692.30,53.50,450.20
10,1790554500,151.36,0.00,12900.60,40145.20,52.00,454.90
11,1790555400,151.75,0.00,12535.00,40218.20,51.20,459.30
12,1790556300,151.89,0.00,12208.70,39915.30,50.70,463.70
13,1790557200,152.62,0.00,12119.90,39968.70,49.60,470.90
14,1790558100,153.80,0.00,12010.80,40097.50,48.90,477.00
15,1790559000,154.60,0.00,11803.80,40203.50,47.90,481.80
16,1790559900,157.33,0.00,11605.80,40118.10,47.20,487.70
17,1790560800,156.68,0.00,11412.80,41056.60,45.40,496.50
18,1790561700,158.24,0.00,11213.70,41090.80,44.90,499.40
19,1790562600,162.04,0.00,11036.40,41383.90,44.10,500.20
20,1790563500,166.87,0.00,10821.20,42076.80,43.50,504.50
21,1790564400,167.67,0.00,10593.50,44326.80,40.60,515.80
22,1790565300,170.36,0.00,10330.40,45084.60,39.10,525.80
23,1790566200,176.77,0.00,10104.90,46302.90,37.60,532.10
24,1790567100,185.90,0.00,9898.30,47461.50,36.40,539.40
25,1790568000,193.68,0.00,9880.00,50818.60,33.90,542.50
26,1790568900,204.99,0.00,9818.90,52636.60,33.10,538.40
27,1790569800,214.84,0.00,9613.80,54070.10,32.00,541.50
28,1790570700,231.02,1.80,9443.70,55306.40,31.20,541.50
29,1790571600,228.23,38.20,9269.20,56309.40,30.40,542.50
30,1790572500,244.02,410.50,9313.30,56592.80,31.00,537.20
31,1790573400,246.17,1582.70,9278.40,56750.30,32.80,523.30
32,1790574300,245.50,3224.40,8717.10,57177.90,34.20,508.10
33,1790575200,275.95,5408.50,8147.80,57637.90,37.00,484.00
34,1790576100,250.74,7971.90,7748.30,58434.50,40.20,463.00
35,1790577000,231.15,10990.80,7301.80,59933.30,43.40,441.20
36,1790577900,210.77,14093.70,6692.40,60952.10,46.60,420.20
37,1790578800,235.13,17292.60,5915.90,59634.50,51.80,397.40
38,1790579700,220.36,20457.40,5126.20,60608.70,54.70,379.30
39,1790580600,202.00,23567.30,4418.80,61476.60,57.60,364.90
40,1790581500,182.95,26517.90,3751.40,61989.10,60.80,350.60
41,1790582400,203.48,28914.50,3237.40,62039.90,62.10,344.80
42,1790583300,185.07,31302.00,2868.70,61463.60,65.70,332.00
43,1790584200,172.75,33804.50,2488.20,61492.40,69.20,320.80
44,1790585100,155.95,35982.90,2209.40,61269.40,72.60,310.80
45,1790586000,157.93,37530.30,2000.00,60304.00,76.20,302.20
46,1790586900,158.52,38831.20,1847.40,60105.00,78.30,296.50
47,1790587800,150.40,40283.80,1799.80,59743.30,80.90,290.40
48,1790588700,147.22,41436.60,1764.30,59166.10,83.50,285.30
49,1790589600,145.33,42003.40,1778.60,59202.40,84.30,282.30
50,1790590500,126.73,42774.50,1825.50,58197.90,87.00,278.40
51,1790591400,117.80,42898.30,1770.00,58027.20,87.20,278.20
52,1790592300,114.68,43144.70,1740.80,58064.00,87.50,278.70
53,1790593200,116.98,43062.80,1689.40,58022.00,87.50,280.30
54,1790594100,114.49,42518.20,1656.20,57740.40,86.80,284.70
55,1790595000,126.85,41802.30,1588.30,57303.60,86.00,288.00
56,1790595900,127.03,40969.20,1571.60,56254.90,85.90,290.90
57,1790596800,120.78,39816.90,1531.80,56664.50,83.20,293.20
58,1790597700,134.99,38550.60,1480.70,56432.50,81.00,298.20
59,1790598600,145.51,37065.50,1470.50,55666.20,79.60,305.00
60,1790599500,151.87,35481.80,1420.80,55344.20,76.80,314.20
61,1790600400,146.60,33588.10,1391.00,56062.30,72.40,323.50
62,1790601300,150.90,31546.30,1369.60,55375.00,69.70,335.90
63,1790602200,151.90,29333.40,1388.40,55213.80,66.10,348.90
64,1790603100,165.54,27148.90,1402.00,55241.50,62.90,363.30
65,1790604000,156.69,25134.50,1399.40,56787.80,56.90,390.80
66,1790604900,172.33,22951.10,1374.40,56731.40,53.90,408.00
67,1790605800,198.69,20258.60,1389.40,56713.40,49.10,430.90
68,1790606700,224.59,17179.90,1404.60,56927.80,43.90,460.90
69,1790607600,207.45,14098.50,1475.80,58046.70,37.90,501.00
70,1790608500,231.26,11067.20,1588.20,58017.50,33.10,536.00
71,1790609400,241.07,8264.20,1694.10,58217.10,28.60,567.90
72,1790610300,266.90,5725.30,1828.30,58479.80,24.80,601.90
73,1790611200,247.48,3575.70,1950.80,59438.00,21.00,636.30
74,1790612100,284.36,1913.40,2236.50,59221.50,18.70,659.40
75,1790613000,319.88,863.30,2601.80,58830.00,17.60,672.10
76,1790613900,390.60,193.30,2952.90,58918.60,17.00,680.10
77,1790614800,350.00,28.10,3139.80,59244.80,17.00,679.70
78,1790615700,354.00,0.60,3253.20,59483.40,17.10,677.80
79,1790616600,349.99,0.00,3691.90,59084.20,17.90,670.60
80,1790617500,314.86,0.00,4273.60,58597.40,18.80,662.40
81,1790618400,320.83,0.00,4895.70,57551.00,20.10,651.60
82,1790619300,280.59,0.00,5520.00,57031.40,21.40,641.10
83,1790620200,260.91,0.00,6089.00,56641.20,22.40,633.20
84,1790621100,246.90,0.00,6698.30,55712.50,23.90,622.90
85,1790622000,252.58,0.00,7256.40,54734.10,25.10,613.20
86,1790622900,234.44,0.00,7691.00,53550.40,26.20,605.90
87,1790623800,223.98,0.00,7982.90,52508.50,27.00,600.20
88,1790624700,205.00,0.00,8345.80,51510.10,28.20,593.90
89,1790625600,216.93,0.00,8423.90,51248.90,28.80,592.00
